[
    {
      "id": 1,
      "companyname": "Leanne Graham",
      "contactperson": "Bret",
      "email": "Sincere@april.biz"
    },
    {
        "id": 2,
        "companyname": "Leanne Graham",
        "contactperson": "Bret",
        "email": "Sincere@april.biz"
      },
      {
        "id": 3,
        "companyname": "Leanne Graham",
        "contactperson": "Bret",
        "email": "Sincere@april.biz"
      },
      {
        "id": 4,
        "companyname": "Leanne Graham",
        "contactperson": "Bret",
        "email": "Sincere@april.biz"
      },
      {
        "id": 5,
        "companyname": "Leanne Graham",
        "contactperson": "Bret",
        "email": "Sincere@april.biz"
      },
      {
        "id": 6,
        "companyname": "Leanne Graham",
        "contactperson": "Bret",
        "email": "Sincere@april.biz"
      },
      {
          "id": 7,
          "companyname": "Leanne Graham",
          "contactperson": "Bret",
          "email": "Sincere@april.biz"
        },
        {
          "id": 8,
          "companyname": "Leanne Graham",
          "contactperson": "Bret",
          "email": "Sincere@april.biz"
        },
        {
          "id": 9,
          "companyname": "Leanne Graham",
          "contactperson": "Bret",
          "email": "Sincere@april.biz"
        },
        {
          "id": 10,
          "companyname": "Leanne Graham",
          "contactperson": "Bret",
          "email": "Sincere@april.biz"
        },
        {
          "id": 11,
          "companyname": "Leanne Graham",
          "contactperson": "Bret",
          "email": "Sincere@april.biz"
        },
        {
            "id": 12,
            "companyname": "Leanne Graham",
            "contactperson": "Bret",
            "email": "Sincere@april.biz"
          },
          {
            "id": 13,
            "companyname": "Leanne Graham",
            "contactperson": "Bret",
            "email": "Sincere@april.biz"
          },
          {
            "id": 14,
            "companyname": "Leanne Graham",
            "contactperson": "Bret",
            "email": "Sincere@april.biz"
          },
          {
            "id": 15,
            "companyname": "Leanne Graham",
            "contactperson": "Bret",
            "email": "Sincere@april.biz"
          },
          {
            "id": 1,
            "companyname": "Leanne Graham",
            "contactperson": "Bret",
            "email": "Sincere@april.biz"
          },
          {
              "id": 2,
              "companyname": "Leanne Graham",
              "contactperson": "Bret",
              "email": "Sincere@april.biz"
            },
            {
              "id": 3,
              "companyname": "Leanne Graham",
              "contactperson": "Bret",
              "email": "Sincere@april.biz"
            },
            {
              "id": 4,
              "companyname": "Leanne Graham",
              "contactperson": "Bret",
              "email": "Sincere@april.biz"
            },
            {
              "id": 5,
              "companyname": "Leanne Graham",
              "contactperson": "Bret",
              "email": "Sincere@april.biz"
            }
]