{
"ModuleName" : "saasAdmin",
"Module" : [
    {
        "Menus":[           
         {
            "menName":"Dashboard1",
            "url":"/saasAdminDashboard/dashboard",
            "permissions":[
               "VIEW",
               "CREATE",
               "EDIT",
               "DELETE"
            ]
         },
         {
            "menName":"Academy Management1",
            "url":"/academyManagement/academy",
            "permissions":[
               "VIEW",
               "CREATE",
               "EDIT",
               "DELETE"
            ]
         },
         {
            "menName":"General Admin1",
            "url":"/generalAdmin/users",
            "subMenus":[
             {
                "menuName":"Users",
                "url":"/generalAdmin/users",
                "permissions":[
                   "VIEW",
                   "CREATE",
                   "EDIT",
                   "DELETE"
                ]
             },
             {
                "menuName":"Roles",
                "url":"/generalAdmin/roles",
                "permissions":[
                   "VIEW",
                   "CREATE",
                   "EDIT",
                   "DELETE"
                ]
             }
            ],
            "permissions":[
               "VIEW",
               "CREATE",
               "EDIT",
               "DELETE"
            ]
         },
         {
            "menName":"Help Center1",
            "url":"/resourceCenter/videos",
            "subMenus":[
             {
                "menuName":"Videos",
                "url":"/resourceCenter/videos",
                "permissions":[
                   "VIEW",
                   "CREATE",
                   "EDIT",
                   "DELETE"
                ]
             },
             {
                "menuName":"File Explorer",
                "url":"/resourceCenter/documents",
                "permissions":[
                   "VIEW",
                   "CREATE",
                   "EDIT",
                   "DELETE"
                ]
             }
            ],
            "permissions":[
               "VIEW",
               "CREATE",
               "EDIT",
               "DELETE"
            ]
         }
        ]
     }
]
}
